participant_id,pc1,pc2,cluster,neighborhood,program,mood,song
pe579edf8,-0.08514404075537757,-0.041829566633079844,0,"home, calm, days",MS in DS,,Oil and Water — Incubus
p5b871c05,0.24057242131692755,0.4023870925020793,4,"happy, happy happy, hopeful",Faculty,,Home — Myles Smith
p84177e46,-0.11033797636670752,-0.0008734877231901527,0,"home, calm, days",CHIP PhD,,Hark the Sound — UNC
p0571e9e4,-0.26730916003143684,0.11173087248193442,1,"nostalgic, nostalgic nostalgic, excited",Staff,,Rolling in the Deep — Adele
p05c21256,-0.04593035824451624,-0.02125938378655473,0,"home, calm, days",Faculty,,Under Pressure — Queen and David Bowie
p482b6811,-0.17164386069973642,-0.0008540689827681624,0,"home, calm, days",MS in LS,,Gangsta'a Paradise — Coolio
pd329f093,0.016052281351884242,0.16429794740258727,0,"home, calm, days",PhD in DS,,Otherside — Red Hot Chili Peppers
pb8848510,-0.0459303582445164,-0.021259383786554526,0,"home, calm, days",CHIP MS,,Red — Taylor swift
pae445c68,0.0073687712098390624,0.08402898808589271,0,"home, calm, days",Faculty,,Haircut — Noah Kahan
pe0633942,-0.045930358244516176,-0.02125938378655461,0,"home, calm, days",PhD in ILS,,Conceited — Lola Young
peafd92a6,-0.09493698832908508,-0.05116003227770708,0,"home, calm, days",MS in LS,,Amarillo By Morning — George Strait
pd72b1795,-0.04593035824451627,-0.021259383786554724,0,"home, calm, days",CHIP MS,,Butterfly — David Tao
pdbdb9c87,-0.23717307669971768,0.14057362030330375,1,"nostalgic, nostalgic nostalgic, excited",MS in LS,,Little Dancer — Elton John
pe28a7675,-0.10258814098395996,-0.03429004240382777,0,"home, calm, days",Faculty,,Virgen de La Candelaria — Andrés Landero
p69d760ff,0.44414354130081757,0.6580420389653358,4,"happy, happy happy, hopeful",MS in LS,,Take My Hand — Simple Plan
pc1c9e78d,-0.2693054711725961,-0.18150131297585775,2,"energized, pumped, dance want",PhD in ILS,,London Song — Ninajirachi
p64c35f70,-0.04593035824451631,-0.021259383786554734,0,"home, calm, days",MS in LS,,Synchronicity I — The Police
pcfd7dd0f,-0.2259224888170621,-0.13920345062821912,5,"good, hypes, driving",CHIP MS,,Warm safe place — Staind
pf6dc5d9e,-0.10258814098395995,-0.03429004240382774,0,"home, calm, days",CHIP MS,,Don't Tell on Me — Jason Aldean
p8d2e58fe,0.7961853505742333,-0.008899955640175043,3,"energetic, energetic energetic, ready",MS in IS,,Sara perche ti amo — Ricchi E Poveri
pb6981b7c,0.5855619246370803,-0.5301135729940006,3,"energetic, energetic energetic, ready",MS in LS,,Fantasy — Mariah Carey
p6d59b588,0.6572467852178231,-0.5569724845385227,3,"energetic, energetic energetic, ready",PhD in DS,,Prokofiev Piano Concerto No.3 — Lang lang
pb99f3eea,-0.0459303582445163,-0.021259383786554686,0,"home, calm, days",CHIP MS,,Peaches — Justin Bieber
p9fd96d48,0.5855619246370802,-0.5301135729940004,3,"energetic, energetic energetic, ready",MS in IS,,Through the Fire — Chaka Khan
p50b5ff8f,-0.10440140472114537,-0.052722580434325844,0,"home, calm, days",MS in LS,,Expectations — Olivia Rodrigo
p511a2610,-0.26930547117259623,-0.18150131297585798,2,"energized, pumped, dance want",MS in LS,,Santa Monica — Everclear
p679f80c4,-0.0459303582445163,-0.021259383786554696,0,"home, calm, days",PhD in ILS,,360 — Charli xcx
p880c5a52,-0.04593035824451629,-0.021259383786554686,0,"home, calm, days",MS in LS,,El Chico Del Apartamento 512 — Selena
p824e8ba2,-0.08514404075537742,-0.04182956663307965,0,"home, calm, days",MS in LS,,gwen stefani — waterparks
paa487209,-0.08514404075537764,-0.04182956663307979,0,"home, calm, days",MS in DS,,Loser — I am not sure who the singer is but I just watched the Spider-Man: Brand New Day movie and it was as a song that stuck out from there.
p9bbc09d0,-0.045930358244516294,-0.021259383786554707,0,"home, calm, days",MS in DS,,Tommy’s Party — Peach Pit
pcf9cd829,-0.01032664151314033,0.12634031909358753,0,"home, calm, days",PhD in DS,,Sweet Baby James — James Taylor
pa58ce906,-0.0851440407553784,-0.04182956663307857,0,"home, calm, days",MS in DS,,Midnight in Harlem — Tedeschi Trucks Band
p3744e0fd,-0.2259224888170621,-0.13920345062821907,5,"good, hypes, driving",MS in LS,,Good Luck Babe! — Chappell Roan
p029faade,-0.04593035824451629,-0.021259383786554703,0,"home, calm, days",MS in DS,,CIEL — GIMS
ped090308,-0.07918866125584205,0.03020012109221694,0,"home, calm, days",MS in LS,,It’s My House — Diana Ross
p414cedb7,0.4441435413008176,0.6580420389653359,4,"happy, happy happy, hopeful",CHIP MS,,A Couple Minutes — Olivia Dean
pe969651f,-0.04593035824451629,-0.021259383786554703,0,"home, calm, days",MS in LS,,What I Am — Edie Brickell & New Bohemians
p0ca1890d,-0.17164386069973636,-0.0008540689827682039,0,"home, calm, days",MS in LS,,Walk of Fame — Miley Cyrus
p2b783689,-0.01032664151314033,0.12634031909358753,0,"home, calm, days",Faculty,,Mirror — Jeff Tweedy
p0eeaa6e5,-0.04593035824451629,-0.021259383786554703,0,"home, calm, days",MS in DS,,Are You Satisfied? — Marina and the Diamonds
pa92e838f,-0.056719573044352135,0.004735897457326411,0,"home, calm, days",Faculty,,Ooh child (things are going to go easier) — The Five Stairsteps
p0c226c57,-0.04593035824451629,-0.021259383786554703,0,"home, calm, days",Staff,,Choosin’ Texas — Ella Langley
pc575b56b,-0.0195987716113115,0.005275118250404895,0,"home, calm, days",MS in LS,,Detonator — Detox Unit
p72fafbaa,-0.19641103835400828,-0.11737943786435448,5,"good, hypes, driving",CHIP MS,,The Let Out — J. Cole
p5e7cddbb,-0.24520973711498295,-0.1621592803568706,2,"energized, pumped, dance want",PhD in ILS,,Joyride — Kesha
p485c0ff8,-0.013102409275167185,0.05669968145921886,0,"home, calm, days",MS in LS,,Human Being — Anna Vaus
p40befc22,0.08173560472759397,0.4313557625910882,1,"nostalgic, nostalgic nostalgic, excited",MS in IS,,Heat Waves — Glass Animals
p130cc6aa,-0.04593035824451629,-0.021259383786554703,0,"home, calm, days",MS in LS,,Loser — Tame Impala
p3cf7aa17,0.03407249055227857,-0.0775603540387653,0,"home, calm, days",MS in LS,,Disco Snails — Vulfmon
p64ad0e27,-0.04593035824451629,-0.021259383786554703,0,"home, calm, days",MS in LS,,OLD TECHNOLOGY — Slayyyter
pf921f4cc,0.27609203022278084,0.4240567248992138,4,"happy, happy happy, hopeful",CHIP MS,,Conquer the World — The Dreggs
p7aedccee,-0.07893554551243726,-0.038696674705648894,0,"home, calm, days",CHIP MS,,Saltwater — Geowulf
p0cd1a4f6,-0.26930547117259623,-0.18150131297585798,2,"energized, pumped, dance want",MS in LS,,Hanging Out to Dry — Florence Road
p8eea3ef8,-0.04593035824451629,-0.021259383786554703,0,"home, calm, days",CHIP MS,,Losing You — Solange
p58e19ff5,0.05743329825605987,-0.16005852288525232,0,"home, calm, days",MS in LS,,Carry on Wayward Son — Kansas
p3b10ff06,-0.04593035824451629,-0.021259383786554703,0,"home, calm, days",CHIP MS,,Self Aware — Temper City
p0e3cc79f,-0.04593035824451629,-0.021259383786554703,0,"home, calm, days",MS in LS,,happens — Elbi Lewes
p0bbad405,-0.04593035824451629,-0.021259383786554703,0,"home, calm, days",MS in IS,,I Follow You — Melody Echo Chamber
p20cc4ae4,-0.23924778878554623,0.15893263299809127,1,"nostalgic, nostalgic nostalgic, excited",MS in LS,,Old Religion — Florence and the Machine
p0734f0b8,0.4441435413008176,0.6580420389653359,4,"happy, happy happy, hopeful",Faculty,,Free Bird — Lynard!
pc307eef5,-0.10440140472114535,-0.05272258043432585,0,"home, calm, days",MS in LS,,Heya — Clozee
p1151fc59,-0.2371730766997177,0.14057362030330384,1,"nostalgic, nostalgic nostalgic, excited",MS in LS,,Patience — Tame Impala
pb1287bf7,-0.04593035824451629,-0.021259383786554703,0,"home, calm, days",MS in LS,,Andromeda — Weyes Blood
p167ac088,-0.1147137893969208,-0.0678614079810761,0,"home, calm, days",MS in LS,,Own Little World — Celldweller
p67eb4144,-0.09106364859009976,-0.0455673139402194,0,"home, calm, days",MS in LS,,Francis Forever — Mitski
p7db4ddaf,-0.04593035824451626,-0.021259383786554724,0,"home, calm, days",PhD in DS,,Never gonna give you up — Rick Ashley
pdd1d7a12,-0.09073065590481715,-0.04528512607467995,0,"home, calm, days",MS in LS,,Sense (is) — Hemlock Springs
p74772e4d,0.29562521546742454,0.4936950520889347,4,"happy, happy happy, hopeful",CHIP MS,,Saturn — SZA
pd6f3ad2b,-0.21717474506722162,0.10743951735587952,1,"nostalgic, nostalgic nostalgic, excited",MS in IS,,Whatever You Wanna — Annabelle Dinda
pfaf232d9,-0.08514404075537838,-0.04182956663307858,0,"home, calm, days",MS in DS,,White Horse — Taylor Swift
p1a742355,0.6572467852178226,-0.5569724845385225,3,"energetic, energetic energetic, ready",MS in LS,,Nice to Each Other — Olivia Dean
p2508307d,-0.045930358244516266,-0.021259383786554713,0,"home, calm, days",Faculty,,Come what may — Nicole
p3c12a33a,-0.0982297455360745,-0.05186118560880585,0,"home, calm, days",CHIP MS,,Mist — Esdeekid Rico Ace
p48256cab,-0.045930358244516266,-0.021259383786554707,0,"home, calm, days",CHIP MS,,Lost in Paradise — Rihanna
pf4d35249,-0.08514404075537735,-0.04182956663307968,0,"home, calm, days",MS in DS,,As — Stevie Wonder
p69d87d7e,0.24982826109463296,0.393665646615844,4,"happy, happy happy, hopeful",MS in LS,,Notting Hill — Suki Waterhouse
p117447db,-0.04593035824451626,-0.02125938378655474,0,"home, calm, days",MS in DS,,FIFA 2026 song — Shakira
pb9882f23,0.4910394373951258,-0.47586987167884776,3,"energetic, energetic energetic, ready",MS in DS,,Don’t Believe It — John Summit
p5240b619,-0.225922488817062,-0.1392034506282191,5,"good, hypes, driving",PhD in DS,,Strategy — Olivia Marsh
