position,participant_id,requested_title,requested_artist,mood,neighborhood,spotify_search_url,youtube_search_url,matched_title,matched_artist,album,release_year,duration_ms,genre,apple_url,preview_url,artwork
1,pb9882f23,Don’t Believe It,John Summit,,"energetic, energetic energetic, ready",https://open.spotify.com/search/Don%E2%80%99t%20Believe%20It%20John%20Summit,https://www.youtube.com/results?search_query=Don%E2%80%99t%20Believe%20It%20John%20Summit,DON'T BELIEVE IT,John Summit & Absolutely,CTRL ESCAPE,2026,187617,Dance,https://music.apple.com/us/album/dont-believe-it/1874015470?i=1874015494&uo=4,https://audio-ssl.itunes.apple.com/itunes-assets/AudioPreview221/v4/4b/a7/02/4ba702ac-51be-c305-7e53-9d77140a28c4/mzaf_6853509847168773396.plus.aac.p.m4a,https://is1-ssl.mzstatic.com/image/thumb/Music211/v4/3e/2a/b9/3e2ab937-0ea6-c02b-3c57-afe28f9aa2a2/198704984693_Cover.jpg/300x300bb.jpg
2,p9fd96d48,Through the Fire,Chaka Khan,,"energetic, energetic energetic, ready",https://open.spotify.com/search/Through%20the%20Fire%20Chaka%20Khan,https://www.youtube.com/results?search_query=Through%20the%20Fire%20Chaka%20Khan,Through the Fire,Chaka Khan,"Epiphany: The Best of Chaka Khan, Vol. 1",1984,288653,R&B/Soul,https://music.apple.com/us/album/through-the-fire/266611641?i=266613256&uo=4,https://audio-ssl.itunes.apple.com/itunes-assets/AudioPreview221/v4/28/88/68/288868e6-8feb-da36-377e-8f92e97e7703/mzaf_4576085777135473198.plus.aac.p.m4a,https://is1-ssl.mzstatic.com/image/thumb/Music115/v4/13/55/fb/1355fbb0-60f1-d15e-12cb-ad0008b99524/mzi.zqdpvvdq.jpg/300x300bb.jpg
3,pb6981b7c,Fantasy,Mariah Carey,,"energetic, energetic energetic, ready",https://open.spotify.com/search/Fantasy%20Mariah%20Carey,https://www.youtube.com/results?search_query=Fantasy%20Mariah%20Carey,Fantasy,Mariah Carey,Greatest Hits,1995,244107,Pop,https://music.apple.com/us/album/fantasy/190173909?i=190175231&uo=4,https://audio-ssl.itunes.apple.com/itunes-assets/AudioPreview211/v4/b5/77/53/b577533b-e59c-dca4-d1a1-0a6c2c2a171c/mzaf_323513037460823421.plus.aac.p.m4a,https://is1-ssl.mzstatic.com/image/thumb/Music115/v4/cf/f5/19/cff5191f-a668-2c7f-f73a-fe51f519b577/dj.yrzoirxd.jpg/300x300bb.jpg
4,p1a742355,Nice to Each Other,Olivia Dean,,"energetic, energetic energetic, ready",https://open.spotify.com/search/Nice%20to%20Each%20Other%20Olivia%20Dean,https://www.youtube.com/results?search_query=Nice%20to%20Each%20Other%20Olivia%20Dean,Nice To Each Other,Olivia Dean,Nice To Each Other - Single,2025,209000,Pop,https://music.apple.com/us/album/nice-to-each-other/1814620245?i=1814620247&uo=4,https://audio-ssl.itunes.apple.com/itunes-assets/AudioPreview221/v4/49/99/e6/4999e60f-e2c7-b9f9-f1b7-aad74b787f21/mzaf_12717219127350994233.plus.aac.p.m4a,https://is1-ssl.mzstatic.com/image/thumb/Music221/v4/80/03/27/800327cf-1563-c72e-d20e-0281ae33defa/25UMGIM60342.rgb.jpg/300x300bb.jpg
5,p6d59b588,Prokofiev Piano Concerto No.3,Lang lang,,"energetic, energetic energetic, ready",https://open.spotify.com/search/Prokofiev%20Piano%20Concerto%20No.3%20Lang%20lang,https://www.youtube.com/results?search_query=Prokofiev%20Piano%20Concerto%20No.3%20Lang%20lang,"Piano Concerto No. 3 in C Major, Op. 26: I. Andante - Allegro","Lang Lang, Sir Simon Rattle & Berlin Philharmonic",Prokofiev: Piano Concerto No. 3 - Bartók: Piano Concerto No. 2 (Deluxe Version with Video),2013,586987,Classical,https://music.apple.com/us/album/piano-concerto-no-3-in-c-major-op-26-i-andante-allegro/692811520?i=692811560&uo=4,https://audio-ssl.itunes.apple.com/itunes-assets/AudioPreview211/v4/1f/02/7c/1f027c77-e317-50b0-1002-134f64bd2150/mzaf_644464468270240172.plus.aac.p.m4a,https://is1-ssl.mzstatic.com/image/thumb/Music/v4/73/c8/8e/73c88eef-6b9b-70ba-60f1-a8fb91c687cf/886443976870.jpg/300x300bb.jpg
6,p8d2e58fe,Sara perche ti amo,Ricchi E Poveri,,"energetic, energetic energetic, ready",https://open.spotify.com/search/Sara%20perche%20ti%20amo%20Ricchi%20E%20Poveri,https://www.youtube.com/results?search_query=Sara%20perche%20ti%20amo%20Ricchi%20E%20Poveri,Sarà Perché Ti Amo,Ricchi & Poveri,Nur das Beste: Ricchi e Poveri,1981,189800,Pop,https://music.apple.com/us/album/sar%C3%A0-perch%C3%A9-ti-amo/252058348?i=252058375&uo=4,https://audio-ssl.itunes.apple.com/itunes-assets/AudioPreview116/v4/07/22/8a/07228a06-d0ab-6072-eebe-0e00427bf9e6/mzaf_7976611826323167337.plus.aac.p.m4a,https://is1-ssl.mzstatic.com/image/thumb/Music/c6/df/9d/mzi.ngbmjcuk.jpg/300x300bb.jpg
7,p511a2610,Santa Monica,Everclear,,"energized, pumped, dance want",https://open.spotify.com/search/Santa%20Monica%20Everclear,https://www.youtube.com/results?search_query=Santa%20Monica%20Everclear,Santa Monica,Everclear,Ten Years Gone - The Best of Everclear 1994-2004,1995,191493,Rock,https://music.apple.com/us/album/santa-monica/724932312?i=724932681&uo=4,https://audio-ssl.itunes.apple.com/itunes-assets/AudioPreview115/v4/d5/7f/27/d57f27b6-21b6-caf6-3b38-b05459de3a8a/mzaf_12154819480626572219.plus.aac.p.m4a,https://is1-ssl.mzstatic.com/image/thumb/Music115/v4/b9/f6/ee/b9f6ee50-e0c8-63e1-3c8d-6e07ec316743/00724386648150.rgb.jpg/300x300bb.jpg
8,p0cd1a4f6,Hanging Out to Dry,Florence Road,,"energized, pumped, dance want",https://open.spotify.com/search/Hanging%20Out%20to%20Dry%20Florence%20Road,https://www.youtube.com/results?search_query=Hanging%20Out%20to%20Dry%20Florence%20Road,Hanging Out To Dry,Florence Road,Spring Forward - EP,2025,212539,Indie Pop,https://music.apple.com/us/album/hanging-out-to-dry/1884602016?i=1884602113&uo=4,https://audio-ssl.itunes.apple.com/itunes-assets/AudioPreview211/v4/44/a0/4d/44a04d50-7613-05af-e182-27f8ccff3191/mzaf_17961685188045684466.plus.aac.p.m4a,https://is1-ssl.mzstatic.com/image/thumb/Music211/v4/9d/56/a7/9d56a73d-2478-8900-46f5-4ebae42d70d0/5026854888583.jpg/300x300bb.jpg
9,pc1c9e78d,London Song,Ninajirachi,,"energized, pumped, dance want",https://open.spotify.com/search/London%20Song%20Ninajirachi,https://www.youtube.com/results?search_query=London%20Song%20Ninajirachi,London Song,Ninajirachi,I Love My Computer,2025,195049,Dance,https://music.apple.com/us/album/london-song/1824602984?i=1824602985&uo=4,https://audio-ssl.itunes.apple.com/itunes-assets/AudioPreview221/v4/4c/1b/29/4c1b29ad-87d1-9968-28d5-486985a9e115/mzaf_4242511936604317546.plus.aac.p.m4a,https://is1-ssl.mzstatic.com/image/thumb/Music211/v4/51/41/9c/51419c3f-dce3-5072-eb94-fc453f6fdb87/199350974793.jpg/300x300bb.jpg
10,p5e7cddbb,Joyride,Kesha,,"energized, pumped, dance want",https://open.spotify.com/search/Joyride%20Kesha,https://www.youtube.com/results?search_query=Joyride%20Kesha,JOYRIDE (Radio Edit),Kesha,JOYRIDE (The Remixes),2024,150000,Pop,https://music.apple.com/us/album/joyride-radio-edit/1770183605?i=1770183609&uo=4,https://audio-ssl.itunes.apple.com/itunes-assets/AudioPreview221/v4/60/5c/28/605c28a0-df61-624e-4022-9805ad85d5d7/mzaf_16401280977557331615.plus.aac.p.m4a,https://is1-ssl.mzstatic.com/image/thumb/Music211/v4/d9/9a/83/d99a831e-5724-80c0-e920-2d5928c87e37/8721093562207.jpg/300x300bb.jpg
11,pcfd7dd0f,Warm safe place,Staind,,"good, hypes, driving",https://open.spotify.com/search/Warm%20safe%20place%20Staind,https://www.youtube.com/results?search_query=Warm%20safe%20place%20Staind,Warm Safe Place,Staind,Break the Cycle,2001,275560,Hard Rock,https://music.apple.com/us/album/warm-safe-place/263058360?i=263058971&uo=4,https://audio-ssl.itunes.apple.com/itunes-assets/AudioPreview211/v4/e8/e8/c3/e8e8c31e-17bf-bfdc-0c7d-7d3d40a92ec7/mzaf_5464290433522581954.plus.aac.p.m4a,https://is1-ssl.mzstatic.com/image/thumb/Music124/v4/6e/b9/a2/6eb9a297-89af-f85e-49d0-ef1d62b8d259/mzi.ifagooar.jpg/300x300bb.jpg
12,p3744e0fd,Good Luck Babe!,Chappell Roan,,"good, hypes, driving",https://open.spotify.com/search/Good%20Luck%20Babe%21%20Chappell%20Roan,https://www.youtube.com/results?search_query=Good%20Luck%20Babe%21%20Chappell%20Roan,"Good Luck, Babe!",Chappell Roan,"Good Luck, Babe! - Single",2024,218424,Pop,https://music.apple.com/us/album/good-luck-babe/1737497078?i=1737497080&uo=4,https://audio-ssl.itunes.apple.com/itunes-assets/AudioPreview221/v4/c3/6d/4f/c36d4f23-b87f-046d-7a0e-e3e05d180b2a/mzaf_17235999651335214399.plus.aac.p.m4a,https://is1-ssl.mzstatic.com/image/thumb/Music221/v4/29/a7/c4/29a7c478-351d-25eb-a116-3e68118cdab8/24UMGIM31246.rgb.jpg/300x300bb.jpg
13,p5240b619,Strategy,Olivia Marsh,,"good, hypes, driving",https://open.spotify.com/search/Strategy%20Olivia%20Marsh,https://www.youtube.com/results?search_query=Strategy%20Olivia%20Marsh,Strategy,Olivia Marsh,Meanwhile - EP,2025,167760,Pop,https://music.apple.com/us/album/strategy/1794259995?i=1794259997&uo=4,https://audio-ssl.itunes.apple.com/itunes-assets/AudioPreview211/v4/7c/53/24/7c5324b4-a304-0cdd-cbb2-c198a0eaeec3/mzaf_7087309644366841371.plus.aac.p.m4a,https://is1-ssl.mzstatic.com/image/thumb/Music211/v4/82/6f/ff/826fff60-5786-29b5-5389-0810bdfe7a6e/5021732634719.jpg/300x300bb.jpg
14,p72fafbaa,The Let Out,J. Cole,,"good, hypes, driving",https://open.spotify.com/search/The%20Let%20Out%20J.%20Cole,https://www.youtube.com/results?search_query=The%20Let%20Out%20J.%20Cole,The Let Out,J. Cole,Disc 29,2026,254013,Hip-Hop/Rap,https://music.apple.com/us/album/the-let-out/1876341626?i=1876341637&uo=4,https://audio-ssl.itunes.apple.com/itunes-assets/AudioPreview211/v4/8f/76/74/8f7674da-a2fa-2d35-6a8c-aa3f63865955/mzaf_5485266274142222690.plus.aac.p.m4a,https://is1-ssl.mzstatic.com/image/thumb/Music211/v4/6e/91/10/6e9110c5-c914-f215-ad28-4e5de562f191/26UMGIM17314.rgb.jpg/300x300bb.jpg
15,p5b871c05,Home,Myles Smith,,"happy, happy happy, hopeful",https://open.spotify.com/search/Home%20Myles%20Smith,https://www.youtube.com/results?search_query=Home%20Myles%20Smith,Solo,Myles Smith,Solo - Single,2023,199756,Singer/Songwriter,https://music.apple.com/us/album/solo/1729366468?i=1729366472&uo=4,https://audio-ssl.itunes.apple.com/itunes-assets/AudioPreview211/v4/b4/30/40/b430403c-a563-50d2-2110-37eaf8d073af/mzaf_3514747294235909250.plus.aac.p.m4a,https://is1-ssl.mzstatic.com/image/thumb/Music126/v4/42/59/10/425910f2-133a-0d33-e086-796e635aa260/196871822480.jpg/300x300bb.jpg
16,p69d87d7e,Notting Hill,Suki Waterhouse,,"happy, happy happy, hopeful",https://open.spotify.com/search/Notting%20Hill%20Suki%20Waterhouse,https://www.youtube.com/results?search_query=Notting%20Hill%20Suki%20Waterhouse,Notting Hill,Suki Waterhouse,Loveland (Bonus Track Version),2026,190213,Alternative,https://music.apple.com/us/album/notting-hill/6790628833?i=6790628840&uo=4,https://audio-ssl.itunes.apple.com/itunes-assets/AudioPreview221/v4/e3/94/6a/e3946a72-1dbe-aa66-735d-4b635d8b9501/mzaf_16273610952979824764.plus.aac.p.m4a,https://is1-ssl.mzstatic.com/image/thumb/Music211/v4/01/49/16/0149169d-79a4-7d82-ff8e-41bb761a10b6/26UMGIM93204.rgb.jpg/300x300bb.jpg
17,pf921f4cc,Conquer the World,The Dreggs,,"happy, happy happy, hopeful",https://open.spotify.com/search/Conquer%20the%20World%20The%20Dreggs,https://www.youtube.com/results?search_query=Conquer%20the%20World%20The%20Dreggs,Conquer The World,The Dreggs,The Art of Uncommon Practice,2025,267942,Folk,https://music.apple.com/us/album/conquer-the-world/1807705554?i=1807705566&uo=4,https://audio-ssl.itunes.apple.com/itunes-assets/AudioPreview221/v4/cf/50/65/cf50658a-8c27-c0b8-ad98-8ac478978b43/mzaf_2577231845957129538.plus.aac.p.m4a,https://is1-ssl.mzstatic.com/image/thumb/Music221/v4/ad/fb/08/adfb08dd-7ed4-9867-6600-5dd86cb743b4/337786.jpg/300x300bb.jpg
18,p74772e4d,Saturn,SZA,,"happy, happy happy, hopeful",https://open.spotify.com/search/Saturn%20SZA,https://www.youtube.com/results?search_query=Saturn%20SZA,Saturn,SZA,Saturn - Single,2024,186192,R&B/Soul,https://music.apple.com/us/album/saturn/1732348411?i=1732348414&uo=4,https://audio-ssl.itunes.apple.com/itunes-assets/AudioPreview211/v4/7c/28/b3/7c28b3ed-9aa9-6454-92c6-e46d20849bed/mzaf_518591709818271733.plus.aac.p.m4a,https://is1-ssl.mzstatic.com/image/thumb/Music112/v4/0f/90/a8/0f90a856-0447-d846-fa7b-b9c937e72310/196871881180.jpg/300x300bb.jpg
19,p69d760ff,Take My Hand,Simple Plan,,"happy, happy happy, hopeful",https://open.spotify.com/search/Take%20My%20Hand%20Simple%20Plan,https://www.youtube.com/results?search_query=Take%20My%20Hand%20Simple%20Plan,Take My Hand,Simple Plan,Simple Plan,2008,231493,Pop,https://music.apple.com/us/album/take-my-hand/272026729?i=272026740&uo=4,https://audio-ssl.itunes.apple.com/itunes-assets/AudioPreview125/v4/d9/76/85/d9768560-1c94-802f-f9f0-78b677c1f15c/mzaf_16526728040865577170.plus.aac.p.m4a,https://is1-ssl.mzstatic.com/image/thumb/Music124/v4/b8/88/44/b888443e-0bc9-5024-224c-793ad7fbe04f/mzi.cglpasri.jpg/300x300bb.jpg
20,p414cedb7,A Couple Minutes,Olivia Dean,,"happy, happy happy, hopeful",https://open.spotify.com/search/A%20Couple%20Minutes%20Olivia%20Dean,https://www.youtube.com/results?search_query=A%20Couple%20Minutes%20Olivia%20Dean,A Couple Minutes,Olivia Dean,The Art of Loving,2025,212000,Pop,https://music.apple.com/us/album/a-couple-minutes/1817609404?i=1817609514&uo=4,https://audio-ssl.itunes.apple.com/itunes-assets/AudioPreview211/v4/c3/86/aa/c386aa57-9cd9-42d5-8406-7e805c33119e/mzaf_15443155590438636047.plus.aac.p.m4a,https://is1-ssl.mzstatic.com/image/thumb/Music221/v4/08/e2/21/08e22164-7c0b-1522-818f-e0e74f62dc49/25UMGIM69703.rgb.jpg/300x300bb.jpg
21,p0734f0b8,Free Bird,Lynard!,,"happy, happy happy, hopeful",https://open.spotify.com/search/Free%20Bird%20Lynard%21,https://www.youtube.com/results?search_query=Free%20Bird%20Lynard%21,Free Bird,Lynyrd Skynyrd,20th Century Masters: The Millennium Collection: Best Of Lynyrd Skynyrd,1973,549640,Rock,https://music.apple.com/us/album/free-bird/1423285451?i=1423285462&uo=4,https://audio-ssl.itunes.apple.com/itunes-assets/AudioPreview221/v4/8b/f3/20/8bf3209b-c5ce-55fa-1320-b915e1cc9d7b/mzaf_17498709224846484637.plus.aac.p.m4a,https://is1-ssl.mzstatic.com/image/thumb/Music116/v4/80/dc/13/80dc136a-ba3d-a13e-f2ce-5c3c43960efe/06UMGIM04103.rgb.jpg/300x300bb.jpg
22,p482b6811,Gangsta'a Paradise,Coolio,,"home, calm, days",https://open.spotify.com/search/Gangsta%27a%20Paradise%20Coolio,https://www.youtube.com/results?search_query=Gangsta%27a%20Paradise%20Coolio,Gangsta's Paradise (feat. L.V.) [2023 Remaster],Coolio,Gangsta's Paradise (Deluxe Edition),1995,241013,Hip-Hop/Rap,https://music.apple.com/us/album/gangstas-paradise-feat-l-v-2023-remaster/1605189366?i=1605189373&uo=4,https://audio-ssl.itunes.apple.com/itunes-assets/AudioPreview116/v4/56/58/f7/5658f7ec-2bb5-0ef0-0f9f-5adcd1a96363/mzaf_7433975646947882823.plus.aac.p.m4a,https://is1-ssl.mzstatic.com/image/thumb/Music211/v4/c2/23/0b/c2230b5f-e753-e9b0-c032-b9ea0713450f/016998513262.png/300x300bb.jpg
23,p0ca1890d,Walk of Fame,Miley Cyrus,,"home, calm, days",https://open.spotify.com/search/Walk%20of%20Fame%20Miley%20Cyrus,https://www.youtube.com/results?search_query=Walk%20of%20Fame%20Miley%20Cyrus,Walk of Fame (feat. Brittany Howard),Miley Cyrus,Something Beautiful,2025,360405,Pop,https://music.apple.com/us/album/walk-of-fame-feat-brittany-howard/1804974240?i=1804974873&uo=4,https://audio-ssl.itunes.apple.com/itunes-assets/AudioPreview211/v4/c1/bd/6d/c1bd6d7e-a518-344a-257c-3160da69f048/mzaf_4553368778020030357.plus.aac.p.m4a,https://is1-ssl.mzstatic.com/image/thumb/Music221/v4/be/b1/63/beb16362-169d-b53f-7186-eccf028d7830/196872959222.jpg/300x300bb.jpg
24,p167ac088,Own Little World,Celldweller,,"home, calm, days",https://open.spotify.com/search/Own%20Little%20World%20Celldweller,https://www.youtube.com/results?search_query=Own%20Little%20World%20Celldweller,Own Little World,Celldweller,Celldweller,2003,213240,Alternative,https://music.apple.com/us/album/own-little-world/5945130?i=5945118&uo=4,https://audio-ssl.itunes.apple.com/itunes-assets/AudioPreview125/v4/b9/8b/fd/b98bfdfc-92d9-5803-20e5-8a4ef09ae2f6/mzaf_3837379293855748721.plus.aac.p.m4a,https://is1-ssl.mzstatic.com/image/thumb/Music/y2004/m03/d18/h22/s05.knjyzteu.tif/300x300bb.jpg
25,p84177e46,Hark the Sound,UNC,,"home, calm, days",https://open.spotify.com/search/Hark%20the%20Sound%20UNC,https://www.youtube.com/results?search_query=Hark%20the%20Sound%20UNC,Hark the Sound,The Clef Hangers,Sounds of Carolina,2018,152883,Traditional Pop,https://music.apple.com/us/album/hark-the-sound/1445924277?i=1445924290&uo=4,https://audio-ssl.itunes.apple.com/itunes-assets/AudioPreview115/v4/33/03/89/330389d6-4cb3-5589-e763-a66be74315dd/mzaf_16181549791322005286.plus.aac.p.m4a,https://is1-ssl.mzstatic.com/image/thumb/Music128/v4/d7/12/72/d71272ef-9cce-196c-0c16-de99ce9b657a/9d1965d3-ac89-4fad-9cfd-309d4695feb1.jpg/300x300bb.jpg
26,p50b5ff8f,Expectations,Olivia Rodrigo,,"home, calm, days",https://open.spotify.com/search/Expectations%20Olivia%20Rodrigo,https://www.youtube.com/results?search_query=Expectations%20Olivia%20Rodrigo,expectations,Olivia Rodrigo,you seem pretty sad for a girl so in love,2026,221958,Pop,https://music.apple.com/us/album/expectations/1889992111?i=1889992129&uo=4,https://audio-ssl.itunes.apple.com/itunes-assets/AudioPreview221/v4/8b/df/c0/8bdfc0e9-1f7b-8437-0f6a-1523c87e8d4a/mzaf_5536706325659515473.plus.aac.p.m4a,https://is1-ssl.mzstatic.com/image/thumb/Music221/v4/1d/1b/f9/1d1bf9b1-44c6-9a6c-6ffb-c158488c06ce/26UMGIM39303.rgb.jpg/300x300bb.jpg
27,pc307eef5,Heya,Clozee,,"home, calm, days",https://open.spotify.com/search/Heya%20Clozee,https://www.youtube.com/results?search_query=Heya%20Clozee,Heya (Opiuo Remix),CloZee,Neon Jungle Remixes,2020,341507,Bass,https://music.apple.com/us/album/heya-opiuo-remix/1683591698?i=1683591703&uo=4,https://audio-ssl.itunes.apple.com/itunes-assets/AudioPreview126/v4/92/b4/1a/92b41ad2-f8e3-e329-5f65-bc14fd9aff8f/mzaf_11305754598321132164.plus.aac.p.m4a,https://is1-ssl.mzstatic.com/image/thumb/Music116/v4/b2/70/7c/b2707cc6-e2bf-88a3-aba9-3442d7e68a3e/192641581489_cover.jpg/300x300bb.jpg
28,pe28a7675,Virgen de La Candelaria,Andrés Landero,,"home, calm, days",https://open.spotify.com/search/Virgen%20de%20La%20Candelaria%20Andr%C3%A9s%20Landero,https://www.youtube.com/results?search_query=Virgen%20de%20La%20Candelaria%20Andr%C3%A9s%20Landero,Virgen de La Candelaria (with Los Cumbiamberos del Pueblo),Andrés Landero,¡Por Ahí es Que Va... La Cosa! (with Los Cumbiamberos del Pueblo) [2024 Remastered Version],1982,262243,Música tropical,https://music.apple.com/us/album/virgen-de-la-candelaria-with-los-cumbiamberos-del-pueblo/1740382879?i=1740382884&uo=4,https://audio-ssl.itunes.apple.com/itunes-assets/AudioPreview221/v4/37/a4/67/37a46773-f68b-5199-cad2-2bc6ced7d18c/mzaf_17100160750206917945.plus.aac.p.m4a,https://is1-ssl.mzstatic.com/image/thumb/Music221/v4/aa/73/37/aa73377a-a27e-2b6f-4328-406d58181512/15418.jpg/300x300bb.jpg
29,pf6dc5d9e,Don't Tell on Me,Jason Aldean,,"home, calm, days",https://open.spotify.com/search/Don%27t%20Tell%20on%20Me%20Jason%20Aldean,https://www.youtube.com/results?search_query=Don%27t%20Tell%20on%20Me%20Jason%20Aldean,Don’t Tell On Me,Jason Aldean,Songs About Us,2026,184751,Country,https://music.apple.com/us/album/dont-tell-on-me/1847440777?i=1847440784&uo=4,https://audio-ssl.itunes.apple.com/itunes-assets/AudioPreview211/v4/3b/69/b4/3b69b4be-3f3c-6bbd-500f-c87233be67d3/mzaf_2901353200644720892.plus.aac.p.m4a,https://is1-ssl.mzstatic.com/image/thumb/Music211/v4/76/28/e7/7628e7b8-0268-f529-6ca8-d5bffb1f2d9e/4099964214482.jpg/300x300bb.jpg
30,p3c12a33a,Mist,Esdeekid Rico Ace,,"home, calm, days",https://open.spotify.com/search/Mist%20Esdeekid%20Rico%20Ace,https://www.youtube.com/results?search_query=Mist%20Esdeekid%20Rico%20Ace,Mist (Instrumental),Dev1lHawk & xaviorthemachine,Mist (Instrumental) - Single,2026,122639,Alternative,https://music.apple.com/us/album/mist-instrumental/1867591317?i=1867591320&uo=4,https://audio-ssl.itunes.apple.com/itunes-assets/AudioPreview221/v4/50/ab/8b/50ab8b82-64f3-29b7-c909-d6f2a94257a4/mzaf_3787596855603994736.plus.aac.p.m4a,https://is1-ssl.mzstatic.com/image/thumb/Music211/v4/00/f8/15/00f8151c-0b3e-0c97-d453-cdeca5c825ef/cover.jpg/300x300bb.jpg
31,peafd92a6,Amarillo By Morning,George Strait,,"home, calm, days",https://open.spotify.com/search/Amarillo%20By%20Morning%20George%20Strait,https://www.youtube.com/results?search_query=Amarillo%20By%20Morning%20George%20Strait,Amarillo by Morning,George Strait,Strait From the Heart,1982,173467,Country,https://music.apple.com/us/album/amarillo-by-morning/1440848728?i=1440849334&uo=4,https://audio-ssl.itunes.apple.com/itunes-assets/AudioPreview115/v4/0d/1c/77/0d1c7783-3681-9b5f-d1a2-469e83c841e1/mzaf_14450099410808453700.plus.aac.p.m4a,https://is1-ssl.mzstatic.com/image/thumb/Music115/v4/14/2f/59/142f59f9-f2f9-3d36-f9a9-eae58277a369/00602547571540.rgb.jpg/300x300bb.jpg
32,p67eb4144,Francis Forever,Mitski,,"home, calm, days",https://open.spotify.com/search/Francis%20Forever%20Mitski,https://www.youtube.com/results?search_query=Francis%20Forever%20Mitski,Francis Forever,Mitski,Bury Me At Makeout Creek,2014,149675,Alternative,https://music.apple.com/us/album/francis-forever/1070245429?i=1070245511&uo=4,https://audio-ssl.itunes.apple.com/itunes-assets/AudioPreview211/v4/3f/c3/57/3fc357cb-80dc-a278-248a-8074382b09d3/mzaf_13999565363694970325.plus.aac.p.m4a,https://is1-ssl.mzstatic.com/image/thumb/Music211/v4/bf/11/65/bf116592-f8eb-fbed-4255-f43b4b09e651/37052.jpg/300x300bb.jpg
33,pdd1d7a12,Sense (is),Hemlock Springs,,"home, calm, days",https://open.spotify.com/search/Sense%20%28is%29%20Hemlock%20Springs,https://www.youtube.com/results?search_query=Sense%20%28is%29%20Hemlock%20Springs,sense (is),hemlocke springs,the apple tree under the sea,2026,257646,Alternative,https://music.apple.com/us/album/sense-is/1877161526?i=1877161725&uo=4,https://audio-ssl.itunes.apple.com/itunes-assets/AudioPreview211/v4/bf/e0/fd/bfe0fdbb-4f29-8b92-e58a-3fc687554233/mzaf_194933460958423802.plus.aac.p.m4a,https://is1-ssl.mzstatic.com/image/thumb/Music221/v4/2e/d3/a1/2ed3a1ee-c107-fee3-bdf4-9658123b89c1/820200254528.jpg/300x300bb.jpg
34,pa58ce906,Midnight in Harlem,Tedeschi Trucks Band,,"home, calm, days",https://open.spotify.com/search/Midnight%20in%20Harlem%20Tedeschi%20Trucks%20Band,https://www.youtube.com/results?search_query=Midnight%20in%20Harlem%20Tedeschi%20Trucks%20Band,Midnight in Harlem,Tedeschi Trucks Band,Revelator,2011,352667,Rock,https://music.apple.com/us/album/midnight-in-harlem/434753148?i=434753214&uo=4,https://audio-ssl.itunes.apple.com/itunes-assets/AudioPreview221/v4/19/c9/3b/19c93b8b-4c72-2483-8908-576e59b6b2bf/mzaf_8606273096861664826.plus.aac.p.m4a,https://is1-ssl.mzstatic.com/image/thumb/Music126/v4/fa/12/98/fa1298cb-d48c-cac0-2996-ff495cbb8ef4/886443008502.jpg/300x300bb.jpg
35,pfaf232d9,White Horse,Taylor Swift,,"home, calm, days",https://open.spotify.com/search/White%20Horse%20Taylor%20Swift,https://www.youtube.com/results?search_query=White%20Horse%20Taylor%20Swift,White Horse (Taylor’s Version),Taylor Swift,Fearless (Taylor's Version),2021,234516,Country,https://music.apple.com/us/album/white-horse-taylors-version/1552791073?i=1552791552&uo=4,https://audio-ssl.itunes.apple.com/itunes-assets/AudioPreview221/v4/c9/2c/e7/c92ce766-cadf-201b-d919-dedb42f73799/mzaf_16666051376822558727.plus.aac.p.m4a,https://is1-ssl.mzstatic.com/image/thumb/Music125/v4/c3/d0/1c/c3d01c88-73e7-187e-fd62-e1744de979a6/21UMGIM09915.rgb.jpg/300x300bb.jpg
36,paa487209,Loser,I am not sure who the singer is but I just watched the Spider-Man: Brand New Day movie and it was as a song that stuck out from there.,,"home, calm, days",https://open.spotify.com/search/Loser%20I%20am%20not%20sure%20who%20the%20singer%20is%20but%20I%20just%20watched%20the%20Spider-Man%3A%20Brand%20New%20Day%20movie%20and%20it%20was%20as%20a%20song%20that%20stuck%20out%20from%20there.,https://www.youtube.com/results?search_query=Loser%20I%20am%20not%20sure%20who%20the%20singer%20is%20but%20I%20just%20watched%20the%20Spider-Man%3A%20Brand%20New%20Day%20movie%20and%20it%20was%20as%20a%20song%20that%20stuck%20out%20from%20there.,Sunflower (Spider-Man: Into the Spider-Verse),Post Malone & Swae Lee,Hollywood's Bleeding,2018,157559,Hip-Hop/Rap,https://music.apple.com/us/album/sunflower-spider-man-into-the-spider-verse/1477880265?i=1477880764&uo=4,https://audio-ssl.itunes.apple.com/itunes-assets/AudioPreview211/v4/89/dd/38/89dd38a1-9e5d-f924-41a1-585f67870ca7/mzaf_17506666060631337235.plus.aac.p.m4a,https://is1-ssl.mzstatic.com/image/thumb/Music115/v4/7b/1b/1b/7b1b1b0b-7ce2-b223-f9e0-8e36abe51877/19UMGIM78325.rgb.jpg/300x300bb.jpg
37,pe579edf8,Oil and Water,Incubus,,"home, calm, days",https://open.spotify.com/search/Oil%20and%20Water%20Incubus,https://www.youtube.com/results?search_query=Oil%20and%20Water%20Incubus,Oil and Water,Incubus,Light Grenades,2006,229722,Rock,https://music.apple.com/us/album/oil-and-water/204285054?i=204285428&uo=4,https://audio-ssl.itunes.apple.com/itunes-assets/AudioPreview125/v4/42/72/bf/4272bf5f-6845-a12b-891d-500d8e9c4d57/mzaf_1522925787048003930.plus.aac.p.m4a,https://is1-ssl.mzstatic.com/image/thumb/Music115/v4/39/d6/b9/39d6b928-3782-0463-3108-5ba555039995/828768385227.jpg/300x300bb.jpg
38,p824e8ba2,gwen stefani,waterparks,,"home, calm, days",https://open.spotify.com/search/gwen%20stefani%20waterparks,https://www.youtube.com/results?search_query=gwen%20stefani%20waterparks,GWEN STEFANI,Waterparks,JINX,2026,200024,Alternative,https://music.apple.com/us/album/gwen-stefani/1894346508?i=1894346792&uo=4,https://audio-ssl.itunes.apple.com/itunes-assets/AudioPreview211/v4/d7/e7/da/d7e7da6c-5f6f-bb5c-99fd-b8337f738f80/mzaf_1464293712453975781.plus.aac.p.m4a,https://is1-ssl.mzstatic.com/image/thumb/Music211/v4/3b/85/97/3b8597d5-064c-de93-30f2-ca3e5ef58718/4099964200072.jpg/300x300bb.jpg
39,pf4d35249,As,Stevie Wonder,,"home, calm, days",https://open.spotify.com/search/As%20Stevie%20Wonder,https://www.youtube.com/results?search_query=As%20Stevie%20Wonder,As,Stevie Wonder,Songs in the Key of Life,1976,428463,R&B/Soul,https://music.apple.com/us/album/as/1440788438?i=1440788744&uo=4,https://audio-ssl.itunes.apple.com/itunes-assets/AudioPreview126/v4/a4/0c/75/a40c75d6-a913-901e-868a-15070b0e1c8e/mzaf_1391235120460059177.plus.aac.p.m4a,https://is1-ssl.mzstatic.com/image/thumb/Music118/v4/eb/1f/12/eb1f12ec-474c-63aa-43af-09282f423b9d/00602537004737.rgb.jpg/300x300bb.jpg
40,ped090308,It’s My House,Diana Ross,,"home, calm, days",https://open.spotify.com/search/It%E2%80%99s%20My%20House%20Diana%20Ross,https://www.youtube.com/results?search_query=It%E2%80%99s%20My%20House%20Diana%20Ross,It's My House,Diana Ross,The Motown Anthology,1979,272933,R&B/Soul,https://music.apple.com/us/album/its-my-house/1445748288?i=1445749375&uo=4,https://audio-ssl.itunes.apple.com/itunes-assets/AudioPreview211/v4/e9/73/1c/e9731c7f-1165-8b77-c629-e3ac31209bc4/mzaf_17389188503354920975.plus.aac.p.m4a,https://is1-ssl.mzstatic.com/image/thumb/Music123/v4/6a/63/9b/6a639b03-d373-e1bd-aa35-10aa3404ef2e/06UMGIM11963.rgb.jpg/300x300bb.jpg
41,p7aedccee,Saltwater,Geowulf,,"home, calm, days",https://open.spotify.com/search/Saltwater%20Geowulf,https://www.youtube.com/results?search_query=Saltwater%20Geowulf,Saltwater,Geowulf,Great Big Blue,2016,247280,Alternative,https://music.apple.com/us/album/saltwater/1316527015?i=1316530113&uo=4,https://audio-ssl.itunes.apple.com/itunes-assets/AudioPreview125/v4/15/3c/b2/153cb265-7095-7650-b14a-0a82e092e3b7/mzaf_11776198401799365857.plus.aac.p.m4a,https://is1-ssl.mzstatic.com/image/thumb/Music115/v4/c9/ff/bd/c9ffbdce-7dff-4e15-a0d9-a384ad540310/cover.jpg/300x300bb.jpg
42,pa92e838f,Ooh child (things are going to go easier),The Five Stairsteps,,"home, calm, days",https://open.spotify.com/search/Ooh%20child%20%28things%20are%20going%20to%20go%20easier%29%20The%20Five%20Stairsteps,https://www.youtube.com/results?search_query=Ooh%20child%20%28things%20are%20going%20to%20go%20easier%29%20The%20Five%20Stairsteps,O-o-h Child (Remastered),The Five Stairsteps,Stairsteps (Bonus Track Version),1970,197440,R&B/Soul,https://music.apple.com/us/album/o-o-h-child-remastered/1124197821?i=1124198582&uo=4,https://audio-ssl.itunes.apple.com/itunes-assets/AudioPreview125/v4/f3/fa/a1/f3faa1ff-ac92-a2a0-c73c-39b3082f059c/mzaf_3380522221332250744.plus.aac.p.m4a,https://is1-ssl.mzstatic.com/image/thumb/Music60/v4/1b/48/16/1b481618-d8ca-da8c-5cf9-9b7ccf3aa376/886445169058.jpg/300x300bb.jpg
43,pb8848510,Red,Taylor swift,,"home, calm, days",https://open.spotify.com/search/Red%20Taylor%20swift,https://www.youtube.com/results?search_query=Red%20Taylor%20swift,Red,Taylor Swift,Red,2012,223091,Country,https://music.apple.com/us/album/red/1440935340?i=1440935346&uo=4,https://audio-ssl.itunes.apple.com/itunes-assets/AudioPreview211/v4/75/ef/46/75ef46c9-343a-bc96-eb3a-8b1e3f3a6c6a/mzaf_16182092304388650096.plus.aac.p.m4a,https://is1-ssl.mzstatic.com/image/thumb/Music221/v4/25/0d/7e/250d7e42-3a2f-19ac-f865-f1e04a4a1f97/12UMDIM01007.rgb.jpg/300x300bb.jpg
44,p64c35f70,Synchronicity I,The Police,,"home, calm, days",https://open.spotify.com/search/Synchronicity%20I%20The%20Police,https://www.youtube.com/results?search_query=Synchronicity%20I%20The%20Police,Synchronicity I (Remastered 2003),The Police,Synchronicity (Remastered 2003),1983,202957,Rock,https://music.apple.com/us/album/synchronicity-i-remastered-2003/1440673959?i=1440673960&uo=4,https://audio-ssl.itunes.apple.com/itunes-assets/AudioPreview221/v4/48/15/47/481547b8-c9d4-0db8-d0c2-242bb48def49/mzaf_17496794010612887796.plus.aac.p.m4a,https://is1-ssl.mzstatic.com/image/thumb/Music115/v4/a4/67/ba/a467ba62-87df-9d10-98d2-c517f68ac870/16UMGIM60882.rgb.jpg/300x300bb.jpg
45,pb99f3eea,Peaches,Justin Bieber,,"home, calm, days",https://open.spotify.com/search/Peaches%20Justin%20Bieber,https://www.youtube.com/results?search_query=Peaches%20Justin%20Bieber,Peaches (feat. Daniel Caesar & GIVĒON),Justin Bieber,Justice,2021,198082,Pop,https://music.apple.com/us/album/peaches-feat-daniel-caesar-giv%C4%93on/1556169567?i=1556170101&uo=4,https://audio-ssl.itunes.apple.com/itunes-assets/AudioPreview221/v4/c9/6d/b1/c96db138-df15-d3d1-ef9d-98ef9d350960/mzaf_9411021956242812289.plus.aac.p.m4a,https://is1-ssl.mzstatic.com/image/thumb/Music115/v4/e0/92/da/e092da2d-9f6d-11dc-7843-2021e95a2b61/21UMGIM17518.rgb.jpg/300x300bb.jpg
46,p679f80c4,360,Charli xcx,,"home, calm, days",https://open.spotify.com/search/360%20Charli%20xcx,https://www.youtube.com/results?search_query=360%20Charli%20xcx,360,Charli xcx,360 - Single,2024,133805,Dance,https://music.apple.com/us/album/360/1762679425?i=1762679426&uo=4,https://audio-ssl.itunes.apple.com/itunes-assets/AudioPreview221/v4/ee/24/4c/ee244cd0-a68a-64f1-c41a-fe08318d0b41/mzaf_16963438138883503449.plus.aac.p.m4a,https://is1-ssl.mzstatic.com/image/thumb/Music211/v4/7e/d5/09/7ed50926-eadd-40a8-cf87-85c17f212bb4/075679634283.jpg/300x300bb.jpg
47,p05c21256,Under Pressure,Queen and David Bowie,,"home, calm, days",https://open.spotify.com/search/Under%20Pressure%20Queen%20and%20David%20Bowie,https://www.youtube.com/results?search_query=Under%20Pressure%20Queen%20and%20David%20Bowie,Under Pressure,Queen & David Bowie,Best of Bowie,1981,237520,Pop,https://music.apple.com/us/album/under-pressure/697650603?i=697651445&uo=4,https://audio-ssl.itunes.apple.com/itunes-assets/AudioPreview125/v4/88/ed/d2/88edd28f-7aa9-fc46-4ddb-0c4e9a5fd7b2/mzaf_7010235254143732396.plus.aac.p.m4a,https://is1-ssl.mzstatic.com/image/thumb/Features115/v4/fc/65/98/fc6598f9-706b-48a2-dc37-9854f703b21e/dj.xnockfyi.jpg/300x300bb.jpg
48,pd72b1795,Butterfly,David Tao,,"home, calm, days",https://open.spotify.com/search/Butterfly%20David%20Tao,https://www.youtube.com/results?search_query=Butterfly%20David%20Tao,CALL ME BABY,EXO,The 2nd Album ‘EXODUS’,2015,211013,K-Pop,https://music.apple.com/us/album/call-me-baby/979878364?i=979878876&uo=4,https://audio-ssl.itunes.apple.com/itunes-assets/AudioPreview115/v4/8d/97/43/8d9743bb-53cb-ed50-a60b-9b2149c4f1e3/mzaf_13524117932247674480.plus.aac.p.m4a,https://is1-ssl.mzstatic.com/image/thumb/Music124/v4/5b/b4/90/5bb490f9-4db6-44be-7183-b6e844ec75db/EXO_2_EXODUS_KORver.jpg/300x300bb.jpg
49,p880c5a52,El Chico Del Apartamento 512,Selena,,"home, calm, days",https://open.spotify.com/search/El%20Chico%20Del%20Apartamento%20512%20Selena,https://www.youtube.com/results?search_query=El%20Chico%20Del%20Apartamento%20512%20Selena,El Chico del Apartamento 512,Selena,Amor Prohibido (Bonus Track Version),1994,208867,Pop Latino,https://music.apple.com/us/album/el-chico-del-apartamento-512/1703307720?i=1703308131&uo=4,https://audio-ssl.itunes.apple.com/itunes-assets/AudioPreview211/v4/d1/80/c5/d180c5bc-8365-e049-e841-3055304be851/mzaf_11837895432198638893.plus.aac.p.m4a,https://is1-ssl.mzstatic.com/image/thumb/Music116/v4/a6/1a/40/a61a408a-c4e1-fb7c-849c-fe3281d234e1/15UMGIM04863.rgb.jpg/300x300bb.jpg
50,p9bbc09d0,Tommy’s Party,Peach Pit,,"home, calm, days",https://open.spotify.com/search/Tommy%E2%80%99s%20Party%20Peach%20Pit,https://www.youtube.com/results?search_query=Tommy%E2%80%99s%20Party%20Peach%20Pit,Tommy's Party (Audiotree Live),Peach Pit,Peach Pit (Audiotree Live) - EP,2017,339977,Pop/Rock,https://music.apple.com/us/album/tommys-party-audiotree-live/1780668474?i=1780668479&uo=4,https://audio-ssl.itunes.apple.com/itunes-assets/AudioPreview211/v4/1e/9f/2b/1e9f2b85-8fcd-f1db-eeab-49904b892afc/mzaf_4706528205271585245.plus.aac.p.m4a,https://is1-ssl.mzstatic.com/image/thumb/Music221/v4/e4/f3/38/e4f33846-4c62-1744-cdb4-4d26a352dd17/191515925039.png/300x300bb.jpg
51,p029faade,CIEL,GIMS,,"home, calm, days",https://open.spotify.com/search/CIEL%20GIMS,https://www.youtube.com/results?search_query=CIEL%20GIMS,CIEL,GIMS,LE NORD SE SOUVIENT,2024,186462,Hip-Hop/Rap,https://music.apple.com/us/album/ciel/1780985303?i=1780985307&uo=4,https://audio-ssl.itunes.apple.com/itunes-assets/AudioPreview211/v4/a7/43/a2/a743a29b-15d1-999a-dff7-15bbae596c36/mzaf_4854732238181708976.plus.aac.p.m4a,https://is1-ssl.mzstatic.com/image/thumb/Music211/v4/32/c0/81/32c081d5-f3b3-2fb1-75e8-905426812332/cover.jpg/300x300bb.jpg
52,pe969651f,What I Am,Edie Brickell & New Bohemians,,"home, calm, days",https://open.spotify.com/search/What%20I%20Am%20Edie%20Brickell%20%26%20New%20Bohemians,https://www.youtube.com/results?search_query=What%20I%20Am%20Edie%20Brickell%20%26%20New%20Bohemians,What I Am,Edie Brickell & New Bohemians,Shooting Rubberbands at the Stars,1988,296360,Rock,https://music.apple.com/us/album/what-i-am/1440916509?i=1440916816&uo=4,https://audio-ssl.itunes.apple.com/itunes-assets/AudioPreview211/v4/bb/c5/09/bbc50964-27e7-378c-0e2f-133151da31b2/mzaf_1803568601914982313.plus.aac.p.m4a,https://is1-ssl.mzstatic.com/image/thumb/Music124/v4/d5/82/1f/d5821f14-9dda-32a3-8ef3-9806945bc745/00720642419229.rgb.jpg/300x300bb.jpg
53,p0eeaa6e5,Are You Satisfied?,Marina and the Diamonds,,"home, calm, days",https://open.spotify.com/search/Are%20You%20Satisfied%3F%20Marina%20and%20the%20Diamonds,https://www.youtube.com/results?search_query=Are%20You%20Satisfied%3F%20Marina%20and%20the%20Diamonds,Are You Satisfied?,Marina and The Diamonds,The Family Jewels,2010,198879,Alternative,https://music.apple.com/us/album/are-you-satisfied/371519868?i=371519870&uo=4,https://audio-ssl.itunes.apple.com/itunes-assets/AudioPreview115/v4/0d/f3/34/0df3343f-4fe5-7fb2-b7d4-4914855dc2a9/mzaf_13164598942113443904.plus.aac.p.m4a,https://is1-ssl.mzstatic.com/image/thumb/Music/be/db/d5/mzi.ogksewov.jpg/300x300bb.jpg
54,p0c226c57,Choosin’ Texas,Ella Langley,,"home, calm, days",https://open.spotify.com/search/Choosin%E2%80%99%20Texas%20Ella%20Langley,https://www.youtube.com/results?search_query=Choosin%E2%80%99%20Texas%20Ella%20Langley,Choosin' Texas,Ella Langley,Choosin' Texas - Single,2025,232226,Country,https://music.apple.com/us/album/choosin-texas/1844932149?i=1844932150&uo=4,https://audio-ssl.itunes.apple.com/itunes-assets/AudioPreview211/v4/38/49/4c/38494cb4-f9e0-1db4-0b84-8c478cb55390/mzaf_4251933786704889664.plus.aac.p.m4a,https://is1-ssl.mzstatic.com/image/thumb/Music221/v4/e2/91/4d/e2914d0a-7f1d-f04c-fbf4-c50b38548838/196873638690.jpg/300x300bb.jpg
55,p130cc6aa,Loser,Tame Impala,,"home, calm, days",https://open.spotify.com/search/Loser%20Tame%20Impala,https://www.youtube.com/results?search_query=Loser%20Tame%20Impala,Loser,Tame Impala,Loser - Single,2025,223070,Alternative,https://music.apple.com/us/album/loser/1842957385?i=1842957386&uo=4,https://audio-ssl.itunes.apple.com/itunes-assets/AudioPreview211/v4/4c/fd/bc/4cfdbc05-8385-dcca-13d7-c15b0b81d644/mzaf_343675252092765252.plus.aac.p.m4a,https://is1-ssl.mzstatic.com/image/thumb/Music221/v4/57/6f/a2/576fa272-91c5-658d-9d05-88d9787c0f1d/196873662978.jpg/300x300bb.jpg
56,p64ad0e27,OLD TECHNOLOGY,Slayyyter,,"home, calm, days",https://open.spotify.com/search/OLD%20TECHNOLOGY%20Slayyyter,https://www.youtube.com/results?search_query=OLD%20TECHNOLOGY%20Slayyyter,Old Technology,Anthony Child,"Electronic Recordings from Maui Jungle, Vol. 2",2016,362840,IDM/Experimental,https://music.apple.com/us/album/old-technology/1799307554?i=1799307557&uo=4,https://audio-ssl.itunes.apple.com/itunes-assets/AudioPreview221/v4/58/5e/2e/585e2e5d-95ea-408f-b3e0-79a6f5a503e4/mzaf_8069236254399928022.plus.aac.p.m4a,https://is1-ssl.mzstatic.com/image/thumb/Music211/v4/8c/85/81/8c858195-0402-8df8-ecda-9241e748abf7/880918270357.jpg/300x300bb.jpg
57,p8eea3ef8,Losing You,Solange,,"home, calm, days",https://open.spotify.com/search/Losing%20You%20Solange,https://www.youtube.com/results?search_query=Losing%20You%20Solange,Losing You,Solange,True,2012,260400,Rock,https://music.apple.com/us/album/losing-you/1647451002?i=1647451003&uo=4,https://audio-ssl.itunes.apple.com/itunes-assets/AudioPreview112/v4/2c/40/49/2c4049d5-3df2-7896-83c7-1e8fd1b0a9c3/mzaf_9745083611236227973.plus.aac.p.m4a,https://is1-ssl.mzstatic.com/image/thumb/Music122/v4/3c/62/9b/3c629bdd-fecd-1a18-3db1-1ef72d6ee16b/cover.jpg/300x300bb.jpg
58,p3b10ff06,Self Aware,Temper City,,"home, calm, days",https://open.spotify.com/search/Self%20Aware%20Temper%20City,https://www.youtube.com/results?search_query=Self%20Aware%20Temper%20City,Self Aware,Temper City,Self Aware - Single,2026,180741,Alternative,https://music.apple.com/us/album/self-aware/1877803357?i=1877803360&uo=4,https://audio-ssl.itunes.apple.com/itunes-assets/AudioPreview221/v4/48/89/4d/48894def-36b6-0085-9184-b28a200cf47a/mzaf_6109765307626823795.plus.aac.p.m4a,https://is1-ssl.mzstatic.com/image/thumb/Music221/v4/ba/63/6e/ba636e4b-5c9a-e89c-87d3-1a9ab7773644/1084252.jpg/300x300bb.jpg
59,p0e3cc79f,happens,Elbi Lewes,,"home, calm, days",https://open.spotify.com/search/happens%20Elbi%20Lewes,https://www.youtube.com/results?search_query=happens%20Elbi%20Lewes,happens,Elbi Lewes,happens - Single,2026,190251,Folk,https://music.apple.com/us/album/happens/6771519244?i=6771519245&uo=4,https://audio-ssl.itunes.apple.com/itunes-assets/AudioPreview221/v4/46/84/70/46847015-3d74-e86f-232a-6f0d699f69fc/mzaf_6071879187712767527.plus.aac.p.m4a,https://is1-ssl.mzstatic.com/image/thumb/Music221/v4/e0/6c/fb/e06cfbf3-2177-92e2-0c82-f9936dba54b1/artwork.jpg/300x300bb.jpg
60,p0bbad405,I Follow You,Melody Echo Chamber,,"home, calm, days",https://open.spotify.com/search/I%20Follow%20You%20Melody%20Echo%20Chamber,https://www.youtube.com/results?search_query=I%20Follow%20You%20Melody%20Echo%20Chamber,I Follow You,Melody's Echo Chamber,Melody's Echo Chamber,2012,214400,Alternative,https://music.apple.com/us/album/i-follow-you/1194793478?i=1194793822&uo=4,https://audio-ssl.itunes.apple.com/itunes-assets/AudioPreview125/v4/82/56/20/82562028-07c7-868f-02ee-2c17c186c24b/mzaf_13343617002762260875.plus.aac.p.m4a,https://is1-ssl.mzstatic.com/image/thumb/Music124/v4/04/8e/6a/048e6ae8-8777-a19a-e743-792680a3e7d6/886446283968.jpg/300x300bb.jpg
61,pb1287bf7,Andromeda,Weyes Blood,,"home, calm, days",https://open.spotify.com/search/Andromeda%20Weyes%20Blood,https://www.youtube.com/results?search_query=Andromeda%20Weyes%20Blood,Andromeda,Weyes Blood,Titanic Rising,2019,280187,Alternative,https://music.apple.com/us/album/andromeda/1450550344?i=1450550346&uo=4,https://audio-ssl.itunes.apple.com/itunes-assets/AudioPreview125/v4/4e/37/50/4e375009-696b-b435-ec15-2f8043e92fe3/mzaf_13244431307274795740.plus.aac.p.m4a,https://is1-ssl.mzstatic.com/image/thumb/Music115/v4/54/f6/fc/54f6fc73-6a18-d97a-a634-a4630ec35593/WeyesBlood_TitanicRising_3600.jpg/300x300bb.jpg
62,p7db4ddaf,Never gonna give you up,Rick Ashley,,"home, calm, days",https://open.spotify.com/search/Never%20gonna%20give%20you%20up%20Rick%20Ashley,https://www.youtube.com/results?search_query=Never%20gonna%20give%20you%20up%20Rick%20Ashley,Never Gonna Give You Up (Pianoforte),Rick Astley,The Best Of Me: Never Edition,1987,209413,Pop,https://music.apple.com/us/album/never-gonna-give-you-up-pianoforte/1773292758?i=1773293593&uo=4,https://audio-ssl.itunes.apple.com/itunes-assets/AudioPreview211/v4/8b/77/73/8b77731b-3c69-ca29-a8ad-b65f0d9d0937/mzaf_5046656274138690281.plus.aac.p.m4a,https://is1-ssl.mzstatic.com/image/thumb/Music221/v4/db/9e/2a/db9e2ae0-cb9f-f2a9-2774-de399dff2580/4099964133639.jpg/300x300bb.jpg
63,p2508307d,Come what may,Nicole,,"home, calm, days",https://open.spotify.com/search/Come%20what%20may%20Nicole,https://www.youtube.com/results?search_query=Come%20what%20may%20Nicole,Come What May,Nicole Kidman & Ewan McGregor,Music From Baz Luhrmann's Film Moulin Rouge (Original Motion Picture Soundtrack),2001,288427,Soundtrack,https://music.apple.com/us/album/come-what-may/1440845640?i=1440845923&uo=4,https://audio-ssl.itunes.apple.com/itunes-assets/AudioPreview125/v4/25/4a/90/254a90e3-4aca-7b75-e244-be4f81f2f8ea/mzaf_13587973216455986437.plus.aac.p.m4a,https://is1-ssl.mzstatic.com/image/thumb/Music125/v4/58/7c/e1/587ce150-44d9-e1fa-966c-18b72cd666ac/00602547876706.rgb.jpg/300x300bb.jpg
64,p48256cab,Lost in Paradise,Rihanna,,"home, calm, days",https://open.spotify.com/search/Lost%20in%20Paradise%20Rihanna,https://www.youtube.com/results?search_query=Lost%20in%20Paradise%20Rihanna,Lost In Paradise,Rihanna,Unapologetic (Deluxe Version),2012,215413,Pop,https://music.apple.com/us/album/lost-in-paradise/1446744832?i=1446745876&uo=4,https://audio-ssl.itunes.apple.com/itunes-assets/AudioPreview211/v4/d4/e2/cf/d4e2cfd1-d9be-d006-251c-97623e5a4729/mzaf_8831692341553483146.plus.aac.p.m4a,https://is1-ssl.mzstatic.com/image/thumb/Music116/v4/ef/3e/8a/ef3e8aaa-18b7-3ae3-8020-f5fc384b0bf2/12UMGIM59889.rgb.jpg/300x300bb.jpg
65,p117447db,FIFA 2026 song,Shakira,,"home, calm, days",https://open.spotify.com/search/FIFA%202026%20song%20Shakira,https://www.youtube.com/results?search_query=FIFA%202026%20song%20Shakira,Hips Don't Lie (El Dorado World Tour Live),Shakira,Shakira in Concert: El Dorado World Tour Live,2019,382880,Pop Latino,https://music.apple.com/us/album/hips-dont-lie-el-dorado-world-tour-live/1487071531?i=1487073130&uo=4,https://audio-ssl.itunes.apple.com/itunes-assets/AudioPreview211/v4/63/cd/e7/63cde767-b9de-3ef0-7f92-4cfc7ce8d5e4/mzaf_8966630194926171184.plus.aac.p.m4a,https://is1-ssl.mzstatic.com/image/thumb/Music124/v4/f7/90/e0/f790e0ba-3540-486c-0e3b-1f69a5a4e70a/886448111863.jpg/300x300bb.jpg
66,pe0633942,Conceited,Lola Young,,"home, calm, days",https://open.spotify.com/search/Conceited%20Lola%20Young,https://www.youtube.com/results?search_query=Conceited%20Lola%20Young,Conceited,Lola Young,Conceited - Single,2023,239452,Alternative,https://music.apple.com/us/album/conceited/1708632323?i=1708632329&uo=4,https://audio-ssl.itunes.apple.com/itunes-assets/AudioPreview211/v4/7b/eb/c2/7bebc2a6-1c18-5c3a-fb03-dddafe2fc2fb/mzaf_8245311487773720491.plus.aac.p.m4a,https://is1-ssl.mzstatic.com/image/thumb/Music126/v4/ee/c7/54/eec75427-7653-029c-2b1a-5a19f167bb52/23UM1IM04601.rgb.jpg/300x300bb.jpg
67,pc575b56b,Detonator,Detox Unit,,"home, calm, days",https://open.spotify.com/search/Detonator%20Detox%20Unit,https://www.youtube.com/results?search_query=Detonator%20Detox%20Unit,Detonator,Detox Unit,Detonator - Single,2026,196471,Electronic,https://music.apple.com/us/album/detonator/1894852771?i=1894852772&uo=4,https://audio-ssl.itunes.apple.com/itunes-assets/AudioPreview211/v4/d9/35/a1/d935a107-ebf5-4190-1a42-749b710ab5b1/mzaf_15011483346296095197.plus.aac.p.m4a,https://is1-ssl.mzstatic.com/image/thumb/Music221/v4/d5/41/c5/d541c574-506c-5422-d06b-3bea410c824e/193436468848_DetoxUnitDetonatorSingleArtFinal.jpg/300x300bb.jpg
68,p485c0ff8,Human Being,Anna Vaus,,"home, calm, days",https://open.spotify.com/search/Human%20Being%20Anna%20Vaus,https://www.youtube.com/results?search_query=Human%20Being%20Anna%20Vaus,Human Being,Anna Vaus,Human Being - Single,2026,180313,Country,https://music.apple.com/us/album/human-being/6778341599?i=6778341602&uo=4,https://audio-ssl.itunes.apple.com/itunes-assets/AudioPreview211/v4/49/27/6e/49276e70-7db4-e5d9-4bbb-735c89fa08c5/mzaf_15912966596209178856.plus.aac.p.m4a,https://is1-ssl.mzstatic.com/image/thumb/Music221/v4/ab/7a/1a/ab7a1a63-08d9-e7e5-c747-c58bb1d7887f/859740024551_cover.jpg/300x300bb.jpg
69,pcf9cd829,Sweet Baby James,James Taylor,,"home, calm, days",https://open.spotify.com/search/Sweet%20Baby%20James%20James%20Taylor,https://www.youtube.com/results?search_query=Sweet%20Baby%20James%20James%20Taylor,Sweet Baby James,James Taylor,Sweet Baby James (Remastered),1970,173733,Singer/Songwriter,https://music.apple.com/us/album/sweet-baby-james/1480026454?i=1480026455&uo=4,https://audio-ssl.itunes.apple.com/itunes-assets/AudioPreview115/v4/cb/be/4e/cbbe4e9c-489c-7719-78b1-ec2130c6ca4c/mzaf_10423779826809907095.plus.aac.p.m4a,https://is1-ssl.mzstatic.com/image/thumb/Music124/v4/ed/c3/5a/edc35aac-57d0-44aa-4969-8bb4c13aed52/603497849154.jpg/300x300bb.jpg
70,p2b783689,Mirror,Jeff Tweedy,,"home, calm, days",https://open.spotify.com/search/Mirror%20Jeff%20Tweedy,https://www.youtube.com/results?search_query=Mirror%20Jeff%20Tweedy,Mirror,Jeff Tweedy,Twilight Override,2025,218947,Rock,https://music.apple.com/us/album/mirror/1825239073?i=1825239080&uo=4,https://audio-ssl.itunes.apple.com/itunes-assets/AudioPreview221/v4/0a/87/a0/0a87a020-e4db-74a8-c1ea-24a4718fc5d2/mzaf_17331985160676963379.plus.aac.p.m4a,https://is1-ssl.mzstatic.com/image/thumb/Music221/v4/8b/e8/d3/8be8d3b7-dc66-fc68-04c6-cf9516adf586/196873337760.jpg/300x300bb.jpg
71,pae445c68,Haircut,Noah Kahan,,"home, calm, days",https://open.spotify.com/search/Haircut%20Noah%20Kahan,https://www.youtube.com/results?search_query=Haircut%20Noah%20Kahan,Haircut,Noah Kahan,The Great Divide,2026,289684,Alternative,https://music.apple.com/us/album/haircut/1872241079?i=1872241464&uo=4,https://audio-ssl.itunes.apple.com/itunes-assets/AudioPreview211/v4/77/67/e5/7767e5e8-7374-2983-df40-53cba3c7bcee/mzaf_17748683653198342694.plus.aac.p.m4a,https://is1-ssl.mzstatic.com/image/thumb/Music221/v4/e0/53/5b/e0535bb5-a269-8cc4-e12f-589e26809569/26UMGIM02802.rgb.jpg/300x300bb.jpg
72,pd329f093,Otherside,Red Hot Chili Peppers,,"home, calm, days",https://open.spotify.com/search/Otherside%20Red%20Hot%20Chili%20Peppers,https://www.youtube.com/results?search_query=Otherside%20Red%20Hot%20Chili%20Peppers,Otherside,Red Hot Chili Peppers,Californication (Deluxe Edition),1999,255951,Alternative,https://music.apple.com/us/album/otherside/948446127?i=948446133&uo=4,https://audio-ssl.itunes.apple.com/itunes-assets/AudioPreview125/v4/9a/45/f8/9a45f881-0fc0-a732-71ff-9b119ed459ef/mzaf_16792293069829482436.plus.aac.p.m4a,https://is1-ssl.mzstatic.com/image/thumb/Music115/v4/04/8e/ff/048effa0-da05-a993-f2e0-172cd0613377/093624931942.jpg/300x300bb.jpg
73,p3cf7aa17,Disco Snails,Vulfmon,,"home, calm, days",https://open.spotify.com/search/Disco%20Snails%20Vulfmon,https://www.youtube.com/results?search_query=Disco%20Snails%20Vulfmon,Disco Snails,Vulfmon & Zachary Barker,Dot,2024,193240,R&B/Soul,https://music.apple.com/us/album/disco-snails/1891827618?i=1891828193&uo=4,https://audio-ssl.itunes.apple.com/itunes-assets/AudioPreview211/v4/d6/97/c1/d697c1a8-2121-5152-0d86-5c8bbe389e35/mzaf_8430554934652995239.plus.aac.p.m4a,https://is1-ssl.mzstatic.com/image/thumb/Music221/v4/03/cd/db/03cddbc4-1850-1c9a-e072-ea79b55fa88d/198671730989.jpg/300x300bb.jpg
74,p58e19ff5,Carry on Wayward Son,Kansas,,"home, calm, days",https://open.spotify.com/search/Carry%20on%20Wayward%20Son%20Kansas,https://www.youtube.com/results?search_query=Carry%20on%20Wayward%20Son%20Kansas,Carry On Wayward Son,Kansas,Leftoverture (Expanded Edition),1976,323000,Rock,https://music.apple.com/us/album/carry-on-wayward-son/190655957?i=190655992&uo=4,https://audio-ssl.itunes.apple.com/itunes-assets/AudioPreview115/v4/a9/53/1f/a9531f42-9e61-e9e7-f4aa-9aa8f790df1a/mzaf_12422186337724231520.plus.aac.p.m4a,https://is1-ssl.mzstatic.com/image/thumb/Music/56/5b/88/mzi.hpnqhyuu.jpg/300x300bb.jpg
75,p0571e9e4,Rolling in the Deep,Adele,,"nostalgic, nostalgic nostalgic, excited",https://open.spotify.com/search/Rolling%20in%20the%20Deep%20Adele,https://www.youtube.com/results?search_query=Rolling%20in%20the%20Deep%20Adele,Rolling in the Deep,Adele,21,2010,228093,Pop,https://music.apple.com/us/album/rolling-in-the-deep/1544491232?i=1544491233&uo=4,https://audio-ssl.itunes.apple.com/itunes-assets/AudioPreview125/v4/9f/07/1d/9f071dc7-791c-c869-dfa2-06b25936a287/mzaf_11077490630806345321.plus.aac.p.m4a,https://is1-ssl.mzstatic.com/image/thumb/Music221/v4/eb/ca/25/ebca2596-cd1e-b295-91a3-771c868d0a79/191404113868.png/300x300bb.jpg
76,p20cc4ae4,Old Religion,Florence and the Machine,,"nostalgic, nostalgic nostalgic, excited",https://open.spotify.com/search/Old%20Religion%20Florence%20and%20the%20Machine,https://www.youtube.com/results?search_query=Old%20Religion%20Florence%20and%20the%20Machine,The Old Religion,Florence + the Machine,Everybody Scream,2025,220155,Alternative,https://music.apple.com/us/album/the-old-religion/1833586446?i=1833586462&uo=4,https://audio-ssl.itunes.apple.com/itunes-assets/AudioPreview221/v4/fe/a7/a1/fea7a18b-4249-c6e6-4961-6875dc8efba0/mzaf_5632708940545643342.plus.aac.p.m4a,https://is1-ssl.mzstatic.com/image/thumb/Music211/v4/2e/5b/79/2e5b79a5-c166-da6b-3545-abc762f3beb2/25UM1IM19575.rgb.jpg/300x300bb.jpg
77,p1151fc59,Patience,Tame Impala,,"nostalgic, nostalgic nostalgic, excited",https://open.spotify.com/search/Patience%20Tame%20Impala,https://www.youtube.com/results?search_query=Patience%20Tame%20Impala,Patience,Tame Impala,Patience - Single,2019,292267,Alternative,https://music.apple.com/us/album/patience/1457154570?i=1457154574&uo=4,https://audio-ssl.itunes.apple.com/itunes-assets/AudioPreview126/v4/7e/17/b9/7e17b95f-0f4c-61e5-1ddd-9f8755dbd68e/mzaf_5044348040280627798.plus.aac.p.m4a,https://is1-ssl.mzstatic.com/image/thumb/Music112/v4/19/f9/f7/19f9f75e-6d5f-15f5-6caa-c532acec9f47/19UMGIM27494.rgb.jpg/300x300bb.jpg
78,pdbdb9c87,Little Dancer,Elton John,,"nostalgic, nostalgic nostalgic, excited",https://open.spotify.com/search/Little%20Dancer%20Elton%20John,https://www.youtube.com/results?search_query=Little%20Dancer%20Elton%20John,Tiny Dancer,Elton John,Almost Famous (Music from the Motion Picture),1971,373893,Pop,https://music.apple.com/us/album/tiny-dancer/1434905226?i=1434905339&uo=4,https://audio-ssl.itunes.apple.com/itunes-assets/AudioPreview221/v4/87/c7/4b/87c74b44-17ff-023a-2984-19a0cc6ef56d/mzaf_4130028763967500566.plus.aac.p.m4a,https://is1-ssl.mzstatic.com/image/thumb/Music122/v4/22/3e/b5/223eb5dd-bb8a-379c-15ec-9c650332bbb9/06UMGIM73032.rgb.jpg/300x300bb.jpg
79,pd6f3ad2b,Whatever You Wanna,Annabelle Dinda,,"nostalgic, nostalgic nostalgic, excited",https://open.spotify.com/search/Whatever%20You%20Wanna%20Annabelle%20Dinda,https://www.youtube.com/results?search_query=Whatever%20You%20Wanna%20Annabelle%20Dinda,Want Want Want,Annabelle Dinda,Fictional States of Distress - Single,2025,204679,Alternative Folk,https://music.apple.com/us/album/want-want-want/1832528840?i=1832528841&uo=4,https://audio-ssl.itunes.apple.com/itunes-assets/AudioPreview221/v4/39/f3/6a/39f36ac4-480f-755d-d528-1d6bb370d2d1/mzaf_15765450222888411821.plus.aac.p.m4a,https://is1-ssl.mzstatic.com/image/thumb/Music211/v4/56/67/8a/56678a40-5360-96b9-72a7-1998c7523bea/199800365263.jpg/300x300bb.jpg
80,p40befc22,Heat Waves,Glass Animals,,"nostalgic, nostalgic nostalgic, excited",https://open.spotify.com/search/Heat%20Waves%20Glass%20Animals,https://www.youtube.com/results?search_query=Heat%20Waves%20Glass%20Animals,Heat Waves,Glass Animals,Dreamland,2020,238805,Alternative,https://music.apple.com/us/album/heat-waves/1508562310?i=1508562516&uo=4,https://audio-ssl.itunes.apple.com/itunes-assets/AudioPreview221/v4/a3/4c/b9/a34cb911-40fc-5f0c-e862-14bd171a77aa/mzaf_384792072030970151.plus.aac.p.m4a,https://is1-ssl.mzstatic.com/image/thumb/Music115/v4/da/8b/77/da8b7731-6f4f-eacf-5e74-8b23389eefa1/20UMGIM03371.rgb.jpg/300x300bb.jpg
